"title","field_biblio_auteur_value","field_biblio_editeur_value","field_biblio_pp_value","field_biblio_code_value","field_biblio_collection_value","field_biblio_langues_value","field_biblio_isbn_value","field_biblio_prix_value","field_expo_note_value","field_expo_sous_titre_value","field_oeuvre_adresse_web_url","filepaths"
"1 Bit Book: l'imaginaire des mondes virtuels 2012-2015","Miguel Chevalier","Editions Lélia Mordoch, Paris","Parution : Septembre 2015

- 1 LIVRE :
Préface de Lélia Mordoch et texte d’Elisabeth Couturier Graphisme : Studio Demian Conrad Design
28,5 cm x 24,5 cm - 96 pages - Noir et blanc, vernis UV Texte en français et anglais

- 1 Film : “L’imaginaire des mondes virtuels 2012-2015 – Miguel Chevalier”
Réalisateur : Claude Mossessian
46 minutes - Version française et version française sous-titrée anglais
Commentaire de Christine Buci-Glucksmann, philosophe, spécialiste de l'art contemporain.","2015-CB-BITBOOK",NULL,"Version française et version française sous-titrée anglais","978-2-909 138 -24-4","50 euros TTC",NULL,NULL,NULL,NULL
"Arabesques numériques","Manuela de Barros","Institut Français de Marrakech, Marrakech (Maroc)","48 p.","2005-CB-ARABNUM",NULL,"Français/Anglais/Arabe",NULL,NULL,"Dans le cadre de l'exposition Arabesques numériques du 6 mai au 18 juin 2005 à l'Institut Français de Marrakech (Maroc)",NULL,NULL,NULL
"Arcadie ","Miguel Chevalier, Sina avec un texte de Carl Friedrich Schnöder","Ars technica","78 pages","1993-CB-ARCADIE",NULL,"français",NULL,NULL,"Le jardin eau numérique est le projet d' un espace séquentiel, où les règles joueront de la superposition et du télescopage des lieux, des images et des matériaux. Tout comme le XIXe siècle a joué de la Folie, Arcadie ne sera pas une extravagance éclectique de style mais au contraire une juxtaposition composée d'espaces et de programmes sans précédent par l'utilisation de la technologie mise à notre disposition.","Jardin eau numérique",NULL,"sites/default/files/media/images/1992-cp-arcadiemaquette2.png,sites/default/files/media/images/1992-cp-arcadiemaquette1.png"
"Arte Botanica",NULL,"Domaine départemental côtes d'Armor. La Roche Jagu","Catalogue issu à l'occasion de l'exposition \"Arte Botanica\", qui eut lieu dans le Domaine départemental de la Roche Jagu du 11/05/2019 au 06/10/2019.
53 pages.","2019-CB-ARTEBOTANICA",NULL,"Français",NULL,NULL,"Le lien entre la Nature, le patrimoin e et l'art.","Regards d'artistes contemporains",NULL,NULL
"Artistes & Robots","Ouvrage sous la direction de Laurence Betrand Dorléac et Jérôme Neutres","RmnGP","Catalogue issu à l'occasion de l'exposition \"Artistes & Robots\" présentée au Grand Palais, Galeries Nationales, du 5 avril au 9 juillet 2018.","2018-CB-ART&ROB",NULL,"Français","978-2-7118-7109-4","35€","Intelligence Artificielle.",NULL,NULL,NULL
"Artists & Robots",NULL,NULL,"40 pages","2017-E-ARTISTS&ROBOTS",NULL,"Anglais/Russe",NULL,NULL,"Booklet issu à l'occasion de l'exposition \"Artists & Robots\" qui eut lieu au Astana Contemporary Art Center (ACAC) du 10/06/2017 au 10/09/2017, à Astana, Kazakhstan.",NULL,NULL,"sites/default/files/media/images/2017-cb-artrobomc.jpg"
"Artists & Robots","Textes de Jérôme Neutres, Maurice Fréchuret, Edward A. Shanken, Edmond Couchot","Rmn - Grand Palais","215 p.","2017-CB-ARTISTS&ROBOTS",NULL,"Anglais/Russe","978-2-7118-7036-3",NULL,"Catalogue issu à l'occasion de l'exposition \"Artists & Robots\" organisée par la Réunion des musées nationaux - Grand palais et \"Astana EXPO-2017\", qui a été présentée au Contemporary Art Center de Astana du 10 juin au 10 septembre 2017.",NULL,NULL,"sites/default/files/media/images/2017-cb-artistsrobotsv.jpg"
"Autres Natures","Miguel Chevalier avec un texte de Norbert Hillaire","Centre d'Art Moderne Espace Mira Phalaina Maison Populaire, 9 bis rue Dombasle, 93100 Montreuil (FRA)","7 cartes postales plus couverture/ Design Régis Glaas, 23h45/ Logiciel AAASeed Emmanuel Berriet","2001-CB-AUTRESNATURES",NULL,"Français",NULL,NULL,"L'ouvrage a été conçue dans le cadre de l'ouverture de l'Espace Culture Multimédia, cette exposition et ce catalogue sont réalisés avec le soutien de la Direction Régionale des Affaires Culturelles d'Ile-de-France, le Conseil Régional d'Ile-de-France, le Conseil Général de la Seine-Saint-Denis, et la vielle de Montreuil.",NULL,NULL,"sites/default/files/media/images/2001-cb-autresnatures4frag.jpg,sites/default/files/media/images/2001-cb-autresnatures3frag.jpg"
"Autres natures 2001","Norbert Hillaire","Centre d’Art Moderne Espace Mira Phalaina, Maison Populaire, Montreuil-sous-Bois (France)","9 volets","2001-CB-AUTRESNAT",NULL,"Français",NULL,NULL,"Dans le cadre de l’exposition Autres natures, à l'Espace Mira Phalaina, Montreuil-sous-Bois (France).
Logiciel AAAseed Emmanuel Berriet, texte Norbert Hillaire.",NULL,NULL,NULL
"Cette culture qui vient de la rue","Pierre Restany","Ville de Vitry-sur-Seine","60 p.","2000-CB-CULTURERUE",NULL,"Français",NULL,NULL,"Catalogue paru à l'occasion de l'exposition 3Cette culture qui vient de la rue\", galerie municipale de Vitry-sur-Seine",NULL,NULL,"sites/default/files/media/images/2000-cb-culturerue1_0.jpg,sites/default/files/media/images/2000-cb-culturerue2.jpg"
"Crossborders 2007",NULL,"Artmetz, Metz (FRA)","24 p.","2007-CB-CROSSBORDERS",NULL,"Français/Anglais",NULL,NULL,"Dans le cadre de l’exposition Crossborders 2007 Metz, (France)",NULL,NULL,NULL
"Data Cities","Interview à Philippe Sueur par Aruel Kyrou avec Xavier-Eric Lunion","Centre des arts Enghien-les-bains","223 p.
pp.42-47chapitre sur Miguel Chevalier: \"Miguel Chevalier, Cluster Media Arts - Enghien-les-bains, France\" 
","2017-CB-DATACITIES",NULL,"Français/Anglais","978-2-916639-44-4","20€","Ouvrage publié à l'occasion de la XIe Réunion Annuelle du Réseau des Villes Créatives de l'UNESCO et de deux expositions collectives \"Data City\" (21,04/13,07,2017) du cluster Arts numériques et \"Are you talking to me?\" (06,30/07,13,2017) du cluster Design.",NULL,NULL,"sites/default/files/media/images/2017-cb-datacitiesv.jpg"
"De l'analogique au numérique","Miguel Chevalier avec un texte de Rosanna Albertini \"Le chevalier des nombres\"","Musées d'art et d'histoire de Belfort","Catalogue réalisé à l'occasion de l'exposition \"De l'analogique au numérique\" au Musées d'art et d'histoire de Belfort, 1992","1992-CB-ANALOGNUM","-","français/anglais/italien","-","-","Ordre et chaos, Combat des images, Télescopages, Tableau de Bord, Game Over, Snow Pixels, Etat binaire","-",NULL,NULL
"Digital Abysses 2018","Miguel Chevalier","Miguel Chevalier","44 p.","2018-CB-DIGITAB",NULL,"Français",NULL,NULL,"Booklet sorti à l'occasion de la exposition personnelle de Miguel Chevalier \"Digital Abysses, 2018\" à la Base sous-marine de Bordeaux, 09/03/2018-20/05/2018.",NULL,NULL,NULL
"Digital Paradise 2014","Miguel Chevalier","Puerta Roja","32 p.","2014-CB-DIGITPARADISE","-","Anglais","-","-","Dans le cadre de l'exposition personnelle \"Digital Paradise\" en Octobre 2014 avec Puerta Roja à Hong-Kong. 
Textes de Adriana Alvarez-Nichol, Cemren Altan, Pierre Restany, Serge Fauchereau, Miguel Chevalier, Christine Buci-Glucksmann, Vincent Huguet, Miguel Matos, David Rosenberg","-",NULL,"sites/default/files/media/images/2014-cb-digitpar2.jpg"
"Fractal Art","Gilles Plazy","Ville de La Seyne-sur-Mer","8 pages, visuel avec l'oeuvre de Miguel Chevalier \"Croissance et mutation\" à la page 6.","1999-CB-FRACTALART","Extrait de Cimaise n° 258, Mars-Avril 1999","Français/Anglais",NULL,"Abonnement 6 numéros France : 350 F","Catalogue issue à l'occasion de l'exposition de groupe \"Fractal art\" qui eut lieu à La Seyne-sur-Mer du 26/03/1999 au 30/05/1999.",NULL,NULL,"sites/default/files/media/images/1999-cb-.jpg"
"Fractal Art","Textes de Henri-François Debailleux et Susan Condé","Marseille/France, Société Ricard","56 p. ","1997-CB-FRACTALART",NULL,"Français/Anglais",NULL,NULL,"Catalogue issu à l'occasion de le double exposition \"Art Fractal\" à l'Espace Paul Ricard du 22 avril au 24 mai 1997 et à l'espace Mabel Semmler du 14 mai au 28 juin 1997.","Berko, Chevalier, Dombis, Ginzburg, Meynard, Miller, Nechvatal, Zarcate",NULL,"sites/default/files/media/images/1997-cb-fractalartv.png"
"Fractal Flowers 2009","Cemren Altan, Pierre-Yves Desaive","iMAL, Bruxelles (BEL)","64 p.","2009-CB-FRACTALFLOWERS","-","Français/Anglais","-","-","Dans le cadre de l’exposition Fractal Flowers 2009 (23/04-03/05/2009) à l’iMAL, Bruxelles (BEL)","-",NULL,NULL
"Fractalisations","Textes de Henri-François Debailleux, Christine Buci-Glucksmann, Jean-Claude Chirollet, Susan Condé et Michel Maffesoli","Villa Tamaris","104 p.










































","1999-CB-FRACTALISATIONS",NULL,"Français/Anglais","2-912282-19-5",NULL,"L'ouvrage est issue à l'occasion de l'exposition \"fractalisations\" organisée à la Villa Tamaris, avenue de la Grande Maison 83500 La Seyne-sur-Mer, du 27/03 au 30/05/1999.",NULL,NULL,"sites/default/files/media/images/1999-cb-fractalisationsv.jpg"
"Géométrie dans l'espace","Françoise Paviot","Topographie de l'art","64 p.","2017-CB-GEOMETRIEDANSLESPACE",NULL,"Français","978-2-36669-029-3",NULL,"Ce catalogue a été réalisé à l'occasion de l'exposition \"Géométrie dans l'espace\", organisée du 29 mars au 14 juin 2017 dans le cadre du Mois de la photo du Grand Palais.",NULL,NULL,NULL
"Géométrie hors limites","Alain Rouquié, Jessica Nussenbaum, Catherine Topali, Colette et Jean Cherqui, Serge Lemoine, Laurent Salomé, Domitille d'Orgeval, Matthieu Poirier","Maison de l'Amérique latine","245 p.","2010-CB-GEOMETRIEHORSLIMITES","-","anglais/français","978-88-7439-542-2","39€","Cet ouvrage est publié à l'occasion de l'exposition \"Géométrie hors limite\" à la Maison de l'Amérique latine à Paris, du 11 février au 26 mars 2010.","art contemporain latino-américain",NULL,NULL
"Géométries éclairées","Hélios Sabaté Beriain","Rougier V. éd.","Revue \"ficelle\" n.127, décembre 2016; 38 p.","2017-CB-GEOMETRIESECLAIREES(R)","poésie cristallographique","Français","979-10-93019-27-7","9€","Pour Géométries éclairées, Miguel Chevalier a créé différentes images à partir de son oeuvre numérique \"Digital Abstractions\" (logiciel écrit par Claude Micheli). Cette oeuvre utilise un principe génératif qui crée aléatoirement des trames, des plans et des grilles géométriques et constitue des tableaux à l'infini.
Croissance, multiplication et disparition, la forme est une construction permanente. Cette création relève d'une d'une logique du virtuel, d'une géométrie non-euclidienne, bouleversant les notions d'espace et de temps. Elle pousse les recherches de Cézanne sur l'organisation et la géométrisation de l'espace (ouvrant la voie du cubisme), du suprématisme, de l'abstraction géométrique et du cinéma abstrait du début du XXe siècle.
Cette création s'inscrit dans la continuité de l'art cinétique, dont les recherches portant sur la lumière, le mouvement, l'illusion d'optique. Elle croise les recherches de Victor Vasarely, \"art combinatoire\" dont les éléments étaient codifiés ou programmés pour composer des oeuvres à l'infini.
Entre ordre et désordre, forme et chaos, ces maillages cybernétiques construisent une véritable esthétique de l'éphémère et du virtuel.

http://www.rougier-atelier.com/?product=ficelle-127-geometries-eclairees",NULL,NULL,NULL
"Herbarius 2059 / 12 Graines","Jean-Pierre Balpe","Bernard Esposito (Librairie de Sèvres),  Serge Plantureux (Rhinoceros jr), Paris (France)","48 p.","2009-CB-HERB12GRAINES",NULL,"Français","978-284940-059-3",NULL,NULL,NULL,NULL,NULL
"Hortus 2.0",NULL,"EDIS","62 pages","2017-CB-HORTUS2.0",NULL,"Français","978-2-9561515-0-0",NULL,"Catalogue issu à l'occasion de l'exposition Hortus 2.0 qui eut lieu à Avignon du 02/06/2017 au 27/08/2017.","Exposition Art des nouveaux médias",NULL,"sites/default/files/media/images/2017-cb-hortus2.0tx.jpg"
"Illusion Natur","Sous la direction de Ina Fuchs","Museum Sinclair-Haus","20 pages","2019-CB-ILLUSIONNATUR",NULL,"Allemand",NULL,NULL,"Livret issu à l'occasion de l'exposition \"Illusion Natur. Digitale Welten\" au Musée Sinclair-Haus de Bad Homburg (GER) du 10/11/2019 au 02/02/2020. ","Digitale Welten",NULL,NULL
"Images furtives","Pierre Gicquel","éditions ville d'Angers","48 pages","2000-CB-IMAGESFURTIVES",NULL,"Français","2-85575-078-4",NULL,"Catalogue issu à l'occasion de l'exposition \"Images furtives\" qui eut lieu à l'Abbaye de Ronceray du 06/10/2000 au 12/11/2000.","L'art vous interpelle",NULL,"sites/default/files/media/images/2000-cb-imagesfurtives4.jpg,sites/default/files/media/images/2000-cb-imagesfurtives3_0.jpg,sites/default/files/media/images/2000-cb-imagesfurtives2.jpg,sites/default/files/media/images/2000-cb-imagesfurtives1.jpg"
"Images numériques","Sous la direction de Odil Blin et Jacques Sauvageot","Diffusion Presses Universitaires de Rennes - Distique, Ecole régionale des beaux-arts de Rennes","160 pages","1997-CB-IMAGESNUMERIQUES",NULL,"Français","2-908373-17-3","150 francs","Articles concernant le rapport entre l'art et la technique, à la suite de l'initiative de l'Ecole des beaux-arts de lancer une formation spécialisée: un mastère \"espaces numériques/espaces plastiques\".
Miguel Chevalier, L'image, puissance infinie, Interview par Jérôme Sans, pp.102-106 (Texte extrait de l'exposition de Miguel Chevalier, Baroque et classique, Centre d'art Contemporain de Belfort, 1987).
Jacques Sauvageot, pp.107-108","L'aventure du regard",NULL,NULL
"Impression 3D","François Brument, Maëlle Campagnolie","Dunod","La bague de Miguel Chevalier Voxels Filaires est présentée à la page 39.","2016-CB-IMPRESSION3D","Les actus du savoir","Français",9782100746842,NULL,"Peu à peu, l'impression 3D bouleverse notre quotidien. De nouveaux savoir-faire et modèles économiques émergent, pour une production sur-mesure et optimisée, des usages inédits et des esthétiques originales.
Cet ouvrage dresse un panorama de cette quatrième révolution industrielle. Du design du produit à l'aéronautique, en passant par la mode, la santé ou l'architecture, il présente 70réalisations mettant en oeuvre ces nouvelles technologie de fabrication, en précisant notamment pour chacune les spécificités techniques, les objectifs et les enjeux. Des repères historiques et techniques complètent les propos, contribuant à donner un large aperçu des nombreuses possibilités présentes et futures de l'impression 3D, afin de comprendre en quoi elle va tout changer.","L'usine du futur 70 créations innovantes",NULL,NULL
"In/Out ","Miguel Chevalier","Voxels Productions/Paris","40 p.","2017-CB-IN/OUTPARADISARTIFICIELS",NULL,"Français/Anglais",NULL,NULL,"IN - OUT / Paradis Artificiels est une oeuvre / installation multisensorielle inédite de Miguel Chevalier imaginée pour le parc du Domaine de Chaumont-sur-Loire et accompagnée par une musique générative originale de Jacopo Baboni Schilingi.

Une architecture demi-sphérique en bois, recouverte de films holographiques, s'irise au soleil, tel un scarabée géant de 11,34 mètres de diamètre. Selon la luminosité, cette architecture embrasse toutes les couleurs du spectre lumineux et attire le visiteur. Invité à pénétrer dans ce dôme géodésique, le visiteur découvre à l'intérieur d'un second dôme de 8 mètres de diamètre, l'œuvre numérique Trans-Natures, projetée sur les parois à 360°. Assis sur un siège Fatboy, il quitte la réalité et profite de cette expérience d’immersion unique où tous ses sens sont mis en éveil. Trans-Natures explore avec poésie la question du lien entre nature et artifice. Selon une démarche initiée à la fin des années 90, cette oeuvre prend appui sur l’observation du règne végétal et sa transposition imaginaire dans l’univers numérique.

Trans-Natures s'inspire des arborescences, mêle différentes espèces d’arbustes, de feuillages, de fleurs qui rappellent la végétation des sous-bois. Cette nature aux formes parfois réalistes, parfois abstraites, se génère à l’infini. Les plantes naissent aléatoirement, s’épanouissent, avant de disparaître sous les yeux du visiteur. Le jardin se renouvelle et se métamorphose en permanence, enrichi par la musique de Jacopo Baboni Schilingi.

Par cette immersion au cœur de cette architecture demi-sphérique enveloppante, ce monde virtuel reconfigure notre vision du lointain et du proche, ouvre sur l’infini. Les plantes tournoient et s’entrelacent en un mystérieux ballet végétal. La légèreté de leur danse trace les contours d’un jardin, qui comme un microcosme, semble résumer l’évanescence de la beauté et de la vie.","Paradis artificiels",NULL,NULL
"L'algorithme pixélisé","Miguel Chevalier","Editions Jannink, Paris (France)","48 p.
Chaque ouvrage est accompagné d'une estampe numérique se trouvant sur le CD-ROM intéractif signé par l'artiste et inclus dans le livre. ","2003-CB-ALGOPIX",NULL,"Français",NULL,NULL,NULL,NULL,NULL,NULL
"L'art en route","Jean-Pierre Frimbois","La Manufacture de l'image","68 pages.
Pandore 3. PANDORE est une édition hors-série de Topographie de l'art","2017-CB-LARTENROUTE","Pandore","Français","978-2-36669-031-6",NULL,"Article sur Miguel: Jean-Pierre Frimbois, Miguel Chevalier/Créateur de sensations, pp.58-61.",NULL,NULL,"sites/default/files/media/images/2017-cb-lartenroute3.jpg,sites/default/files/media/images/2017-cb-lartenroute1_0.jpg,sites/default/files/media/images/2017-cb-lartenroute2_0.jpg"
"L'herbier","Jean-Pierre Balpe; Miguel Chevalier","Editions Gallimard - Musée de la Chasse et de la Nature","72 p.
","2009-CB-LHERBIER","GALLIMARD - LE PROMENEUR","Français","978-2-07-012711-5","16 euro","Ce livre a été publié à l'occasion de l'exposition de Miguel Chevalier, Fractal Flowers in vitro 2009, présentée au Musée de la Chasse et de la Nature, du 22 septembre au 3 janvier 2010.

Botanique numérique.
","-",NULL,NULL
"Le temps fractal","Textes de Henri-François Debailleux et Christine Buci-Glucksmann","Galerie Xippas","Paru à l'occasion de l'exposition Le temps fractal 17/06/2000-29/07/2000 à la Galerie Xippas.","2000-CB-TEMPSFRACTAL",NULL,"Français","2-909061-21-3",NULL,NULL,NULL,NULL,NULL
"Living codes","Domenico Quaranta","PaciArte contemporary","12 p.","2010-CB-LIVCODES",NULL,"Italien/Anglais",NULL,NULL,"Dans le cadre de l'exposition Living Codes du 18 Décembre 2010 au 8 Février 2011 avec Miguel Chevalier, Alessandro Capozzo, Alex Dragulescu à Brescia (Italie)",NULL,NULL,"sites/default/files/media/images/2010-cb-livcodes2.jpg,sites/default/files/media/images/2010-cb-livcodes3.jpg"
"Magie der Zahl","Ina Conzen, Dietmar Guderian, Stefan Heinlein, Helga de la Motte-Haber, Jérôme Peignot, Karl Riha","Verlag Gerd Hatje","Catalogue paru à l'occasion de l'exposition \"Magie der Zahl in der Kunst des 20. Jahrhunderts\" près de la Staatsgalerie Stuttgart du premier février au 19 mai 1997.","1997-CB-MAGIEDERZAHL","-","Allemand","3-7757-0666-6","-","-","in der Kunst des 20. Jahrhunderts",NULL,NULL
"Marine","Miguel Chevalier","Ecole Régionale des Beaux-Artes de Nantes","30 p.","1991-CB-MARINE",NULL,"Français",NULL,NULL,"Ce catalogue a été réalisé à l'occasion de l'exposition \"Marine\" à l’École Régionale des Beaux Arts de Nantes, du 6 Mai au 1 Juin 1991 avec le concours de la société THETA, de la Galerie Jade de Colmar et de Didier Krzentowski.",NULL,NULL,NULL
"Méta-Territoires 2015","Patrick Amine","Galerie Fernand Léger","32 p.","2015-CB-IVRYLEGER",NULL,"Français","978-2-9542753-9-0",NULL,"Dans le cadre de l'exposition Méta-Territoires 2015 à la Galerie Fernand Léger à Ivry-sur-Seine (France)",NULL,NULL,NULL
"Miguel Chevalier","Jérôme Neutres/David Rosenberg/Miguel Chevalier","Bernard Chauveau","236 pp.","2018-CB-MONOMC",NULL,"Français/Anglais",9782363062437,"39 €",NULL,NULL,NULL,"sites/default/files/media/images/2018-cb-monomc6.jpg,sites/default/files/media/images/2018-cb-monomc5.jpg,sites/default/files/media/images/2018-cb-monomc4.jpg,sites/default/files/media/images/2018-cb-monomc3_0.jpg,sites/default/files/media/images/2018-cb-monomc2.jpg,sites/default/files/media/images/2018-cb-monomc1.jpg"
"Miguel Chevalier - Anthropométrie","Vittorio Fagone","Galleria Vivita","32 p.","1990-CB-ANTHROPOMETRIE","-","italien/anglais","-","-","Catalogue de l'exposition personnelle \"Anthropométrie\" qui eut lieu à la galerie Vivita 2 (Borgo San Frediano 69, Firenze) du 12/10/1990 au 24/11/1990.","Anthropométrie",NULL,NULL
"Miguel Chevalier - CD ROM MAC/PC","Christine Buci-Gluksmann","Miguel Chevalier, Paris (France)","Cd-Rom et livret 16 p.; 
Cd-Rom Claude Micheli (SDI)","2000-CB-CDROMMAC/PC",NULL,"Français/Anglais",NULL,NULL,"Digipack et livret : 16 pages, fluo et quadrichromie, broché
Cd-Rom : Windows 95 ou supérieur",NULL,NULL,NULL
"Miguel Chevalier - Images nouvelles","Miguel Chevalier","Granit","40 p.","1987-CB-IMAGESNOUVELLES",NULL,"Français/Anglais",NULL,NULL,NULL,NULL,NULL,NULL
"Miguel Chevalier - Interconnexions","Miguel Chevalier, Patrick Imbard, Alain Renaud; graphisme Eric Palliet","Miguel Chevalier, Eric Palliet","Ce catalogue a été réalisé à l'occasion de l'exposition \"Interconnexions\" à la Base, avec le concours de la Banque de l'Union Occidentale.

23 p.","1990-CB-INTERCONNEXIONS","-","Français/Anglais","-","-","Textes de Patrick Imbard: \"La communication comme preuve d'existence\"; Alain Renaud \"De la liquidité des choses à la liquidation de l'image\".","-",NULL,NULL
"Miguel Chevalier - L'oeil de la machine 2019","Miguel Chevalier","Musée Ingres Bourdelle","48 p.","2019-CB-OEILMACHINE",NULL,"Français/Anglais",NULL,NULL,"Catalogue issu à l'occasion de l'exposition de Miguel Chevalier au Musée Ingres Bourdelle du 14/12/2019 au 15 décembre 2020",NULL,NULL,NULL
"Miguel Chevalier - OEnologie","Miguel Chevalier, Eric Audinet","L'horizon chimérique","28 p.","1991-CB-OENOLOGIE","-","Français","-","-","Ce catalogue a été réalisé à l'occasion de l'exposition \"Œnologie\" au chateau Pichon Longueville.","-",NULL,"sites/default/files/media/images/1991-cb-oenologie2.jpg,sites/default/files/media/images/1991-cb-oenologie1.jpg"
"Miguel Chevalier - Oro negro - L'or noir","Gerardo Estrada, Jorge Juanes, Elias Levin Rojo","ED. INBA - AFAA ","28 p.","1996-CB-ORONOIR",NULL,"Espagnol",NULL,NULL,"Dans le cadre de l'exposition \"Oro negro\" au Museo de Arte Alvar y Carmen T. de Carrillo Gil en 1996 (Méxique). Oro Negro est un ensemble de pièces / installations en relation avec l'univers du forage et de l'exploitation pétrolière pour 5 grands musées d'art contemporain d'Amérique du sud (au Venezuela, en Colombie et au Mexique). Oro Negro révèle toutes les richesses réelles et imaginaires de l'or noir. Des labyrinthes, des paysages artificiels, des arborescences et des cartographies sismiques du sous-sol évoquent le monde des énergies, des technologies, et leurs réseaux performants recréés magiquement grâce au virtuel. ",NULL,NULL,"sites/default/files/media/images/1996-cb-oronoir3.jpg,sites/default/files/media/images/1996-cb-oronoir2.jpg"
"Miguel Chevalier - Revolution","Miguel Chevelier, Eric Palliet; avec des textes de Pierre Restany et Laurence Bertrand Dorléac","Atelier Ofset: Comédie de Caen","28 p.","1989-CB-REVOLUTION",NULL,"Français/Anglais",NULL,NULL,"Le catalogue a été réalisé à l'occasion de l'exposition \"Téléscopages\" à la Comédie de Caen du 2 Novembre au 10 Décembre 1989, Caen et en préfiguration de l'exposition au réservoir - CHU de Bicêtre en 1990 (France).","De la peinture, la photographie, l'analogie au numérique",NULL,"sites/default/files/media/images/scan0012-3.jpg,sites/default/files/media/images/1989-cb-revolution2.jpg"
"Miguel Chevalier - Segunda Natureza 2009","Miguel Chevalier","TCU, Espaço Cultural Marcantonio Vilaça","64 p.","2009-CB-SEGUNDANATUREZA",NULL,"Portugais/Francais",NULL,NULL,"Entretien de l'artiste avec Suzete Venturelli. 
Publié à l'occasion de l'exposition Segunda Natureza dans l'espace culturel Marcantonio Vilaça en 2009 à Brasilia (Brésil)",NULL,NULL,NULL
"Miguel Chevalier 1981/2000","Pierre Restany, Laurence Bertrand-Dorléac, Patrick Imbard","Flammarion, Paris (FRA)","240 p.","2001-CB-CHEV1981/2000",NULL,"Français","2-08010-413-6",NULL,NULL,NULL,NULL,NULL
"Miguel Chevalier 2000/2008","Mario Costa, Edmond Couchot, Gunnar B. Kvaran, Ariella Masboungi, Mohamed Rachdi","Monografik Editions","368 p.","2008-CB-CHEV2000/2008",NULL,"Français","978-2-916545-58-5",NULL,"Depuis 1978, Miguel Chevalier pratique, exclusivement, l’informatique comme moyen d’expression dans le champ des arts plastiques. Prenant ses sources dans l’histoire de l’art, il aborde les problématiques de l’image hybride, générative et interactive. Défricheur de territoires nouveaux, il s’est imposé sur la scène internationale comme pionnier de l’art virtuel et du numérique et comme l’un des artistes les plus marquants de la scène artistique contemporaine. Cette monographie, très largement illustrée, présente le travail de l’artiste de ces dix dernières années (2000/2008). 
Elle rend compte de son œuvre à la fois expérimentale et pluridisciplinaire, et des thématiques récurrentes abordées, telles que nature et artifice, flux et réseaux, villes virtuelles et arabesques. L’ouvrage est accompagné de textes originaux de spécialistes, apportant un éclairage singulier sur son œuvre. ",NULL,NULL,NULL
"Miguel Chevalier, Pixels Power 2010",NULL,"Galerie Antonio Prates, Lisbonne (Portugal)","24 p.","2010-CB-PIXELSPOWER",NULL,"Portugais/Anglais",NULL,NULL,"Catalogue de l'exposition Pixels Power, présentée en 2010 à la galerie Antonio Prates à Lisbonne (Portugal) du 12 novembre au 10 décembre 2010
Texte de Miguel Matos",NULL,NULL,NULL
"Nouvelles de l'estampe",NULL,"Bibliothèque nationale de France","Numéro spécial 1999/2000 Décembre 1999 - Février 2000 N°167-8","1999/2000-CB-NOUVELLESDELESTAMPE",NULL,"Français",NULL,NULL,"Miguel Chevalier, Pour une cohabitation bien comprise, interview de Gérard Sourd, pp.75-79","De l'estampe traditionnelle à l'estampe numérique?",NULL,NULL
"Oro negro - Miguel Chevalier ","Avec un texte de José Hernan Aguilar et une interview de Jérôme Sans de 1986","AFAA","32 p.","1994-CB-ORONEGRO","-","Espagnol","-","-","Dans le cadre de l'exposition \"Oro negro\" de Octobre au Novembre 1994 au Museo de Arte Universidad Nacional de Colombia, Bogotà (Colombie).
Oro Negro est un ensemble de pièces / installations en relation avec l'univers du forage et de l'exploitation pétrolière pour 5 grands musées d'art contemporain d'Amérique du sud (au Venezuela, en Colombie et au Mexique). Oro Negro révèle toutes les richesses réelles et imaginaires de l'or noir. Des labyrinthes, des paysages artificiels, des arborescences et des cartographies sismiques du sous-sol évoquent le monde des énergies, des technologies, et leurs réseaux performants recréés magiquement grâce au virtuel.","-",NULL,"sites/default/files/media/images/1994-cb-oronegro3.jpg,sites/default/files/media/images/1994-cb-oronegro2.jpg"
"Oro negro - Miguel Chevalier","Lucila Anzola","Fundacion Museo de Artes Visuales Alejandro Otero (Venezuela)","28 p.","1993-CB-ORONEGRO","-","Français/Espagnol","-","-","Oro Negro est un ensemble de pièces / installations en relation avec l'univers du forage et de l'exploitation pétrolière pour 5 grands musées d'art contemporain d'Amérique du sud (au Venezuela, en Colombie et au Mexique). Oro Negro révèle toutes les richesses réelles et imaginaires de l'or noir. Des labyrinthes, des paysages artificiels, des arborescences et des cartographies sismiques du sous-sol évoquent le monde des énergies, des technologies, et leurs réseaux performants recréés magiquement grâce au virtuel.","-",NULL,"sites/default/files/media/images/1993-cb-oronegro3.jpg,sites/default/files/media/images/1993-cb-oronegro2.jpg"
"Otra Natura","Jorge Morales ","AFAA Association Française d'Action Artistique","8 pages","1996-CB-OTRANATURA",NULL,"Espagnol",NULL,NULL,"Booklet issu à l'occasion de l'exposition \"Otra Natura, 1996, de Miguel Chevalier au Centro Nacional de las Artes, Centro Multimedia.",NULL,NULL,NULL
"Paradies artificiels 2014","Miguel Chevalier; graphiste: Régis Glaas",NULL,"48 p.","2014-CB-PARART",NULL,"Français",NULL,NULL,"Dans le cadre de l'exposition Paradis artificiels 2014, Musée d'art moderne, Céret, France

",NULL,NULL,NULL
"Paradis artificiel / sur natures 2007",NULL,"Galerie des Galeries Lafayette, Paris (France)","24 p.","2007-CB-PARART/SURNAT",NULL,"Français/Anglais",NULL,NULL,"Dans le cadre de l’exposition Paradis artificiel / Sur-Natures 2007 à la Galerie des Galeries Lafayette, Paris (France)",NULL,NULL,NULL
"Paradis artificiels - Miguel Chevalier","Françoise Gaillard","Galerie Municipale de Vitry-sur-Seine (France)","48 p.
","2004-CB-PARADISARTIFICIELS",NULL,"Français/Anglais",NULL,NULL,"Dans le cadre de l’exposition Paradis Artificiels, à la Galerie Municipale de Vitry-sur-Seine (France)",NULL,NULL,NULL
"Paysage - Vidéo","Philippe Piguet, Baldine Saint Girons. Les textes concernant l'oeuvre de Miguel Chevalier ont été rédigés par Christine Buci-Glucksmann (extrait de \"Cartographies/Paysages\", 2000) et Brigitte Gaillard. ","Musée d'art Toulon","Catalogue sorti à l'occasion de l'exposition Paysage - Vidéo, organisée par le Musée d'art de Toulon.","2010-CB-PAYSAGE/VIDEO",NULL,"Français","2-905076-71-2","10euro",NULL,"Dialogue avec les collections 2",NULL,"sites/default/files/media/images/2004-vd-voyagesdvd2_0.jpg"
"Phase zéro/","Divers auteurs","Observatoire de l'espace/CNES","96 p.","2009-CB-PHASEZERO",NULL,"Français","978-2-85440-013-7","25 euros","Catalogue Phase Zéro/96 propositions spatiales
Pour accompagner la manifestation, un catalogue d’exposition a été édité par l’Observatoire de l’Espace du CNES. En complément des œuvres produites par les artistes, il propose des textes de personnalités du monde spatial : spationautes, astrophysiciens, physiologistes, géographes, planétologues, exobiologistes… décrivant une représentation de l’Espace qui les a marqué :

José Achache (géophysicien)
Daniel Beysens (physicien)
André Brahic (planétologue), 
Éric Chassefiere (planétologue)
Jean-François Clervoy 
(spationaute)
Jean-Louis Counil (géophysicien)
Sophie Coutin-Faye 
(géophysicienne)
Francis Dalaudier (physicien)
Dominique Delcourt 
(physicien)
Christian Dournon (biologiste)
Thérèse Encrenaz (astronome)
Jean-Jacques Favier 
(spationaute)
Jean-Louis Fellous (océanographe)
François Forget (planétologue)
Gilbert Gasset (biologiste) 
Marie-Claire Gazeau(chimiste)


 

 

 

 

 

Pierre Gentelle (géographe)
Anny-Chantal Levasseur-Regourd 
(astrophysicienne)
Jean-Pierre Luminet (astrophysicien)
Roger Malina (astronome)
Sylvie Marzocchi (ingénieur
cartographe)
Philippe Masson (géologue)
Jacques Paul (astronome)
Thierry Pozzo (neurophysiologiste)
François Raulin (exobiologiste) 
Frédérique Rémy (glaciologue)
Francis Rocard (planétologue)
Jean-Pierre Sivan (astronome) 
Pascale Ultré-Guérard
(géophysicienne)
Jean-Claude Vial (physicien) 
Alfred Vidal-Madjar (astrophysicien) 
Daniel Vidal-Madjar (physicien) 
Michel Viso (vétérinaire","96 propositions spatiales/33 impressions spatiales",NULL,NULL
"Philosophie ","Ouvrage réalisée sous la direction de Laurence Hansen-Løve","Hatier-Paris","591 p.","2001-CB-PHILOSOPHIE",NULL,"Français","2-218-73449-4 (4874178)",NULL,"Outil de préparation au bac. A p.213 il y a la reproduction d'une \"Thermographie\" de Miguel Chevalier.","terminale",NULL,"sites/default/files/media/images/1986-ap-thermographielphil.jpg"
"Pixels en vitrine","Olivier Namias","CREE","Article de deux pages (pp.90/91) paru dans la revue \"Cree\", n°382, été 2017","2017-CB-PIXELSENVITRINE",NULL,"Français",NULL,"24 euro","Article concernant l'installation \"Pixels Wave\" conçue par Miguel Chevalier pour le Forum des Halles ",NULL,NULL,NULL
"Power Pixels (Enghien-les-Bains)","Serge Fauchereau, David Rosenberg","Centre des arts, Enghien-les-Bains (France)","168 p.","2013-CB-POWPIXELSELB",NULL,"Français/Anglais","978-2-916639-32-1",NULL,"Dans le cadre de l'exposition monographique \"Power Pixels 2013\" - Miguel Chevalier\" du 20 Septembre au 15 Décembre 2013, au centre des arts d'Enghien-les-Bains (France)",NULL,NULL,NULL
"Power Pixels (Rio de Janeiro)",NULL,"Aeroplano","176 p.","2011-CB-POWPIXELSBRE",NULL,"Portugais/Francais","978-85-7820-065-7",NULL,"Textes de Maria Arlete Gonçalyes, Alberto Saraiya, Yann Loryo, Serge Fauchereau, Vincent Huguet 
Ce catalogue a été crée dans le cadre des expositions \"Oi Futuro Flamengo\" du 17 Mai au 3 Juillet 2011 et \"Oi Futuro Ipanema\" du 26 Mai au 4 Juin 2011 à Rio de Janeiro (Brésil).",NULL,NULL,NULL
"Power Pixels 2013","Miguel Chevalier; graphiste: Régis Glaas",NULL,"20 p.","2013-CB-POWPIXELSPITT",NULL,"Anglais",NULL,NULL,"Dans le cadre de l'exposition Power Pixels 2013, Wood Street Galleries, Pittsburgh, USA


",NULL,NULL,NULL
"Power Pixels 2013 (Saint-Gervais)","Miguel Chevalier; graphiste: Régis Glaas","Miguel Chevalier","48 p.","2013-CB-POWPIXELSSGLB",NULL,"Français/Anglais",NULL,NULL,"Dans le cadre de l'exposition Power Pixels 2013, Pile Pont, St Gervais les Bains, France


",NULL,NULL,NULL
"Power Pixels 2014","Miguel Chevalier; graphiste: Régis Glaas",NULL,"48 p.","2014-CB-POWPIXELSNOR",NULL,"Anglais",NULL,NULL,"Dans le cadre de l'exposition Power Pixels 2014, Utsikten Kunstsenter, Kvinesdal, Norvège

",NULL,NULL,NULL
"Power Pixels 2016","Miguel Chevalier; graphiste: Régis Glaas ","Miguel Chevalier","Livret publié à l'occasion de l'installation \"Voûtes célestes\" de Miguel Chevalier dans l'église de Saint-Eustache à Paris lors de la Nuit blanche 2016.","2016-CB-POWPIXELS(ST.E)","-","français/anglais","-","-","-","-",NULL,NULL
"Red Desert","Sofia Komarova, Lorenzo Sonognini, Nathalie Heinich, Flaminia Scauso, Massimo Minini avec une interview de Ariane Koek à Miguel Chevalier","Artvera's Gallery","152 pages","2016-CB-REDDESERT","-","anglais",9788898570065,"-","Cet ouvrage a été publié à l'occasion de l'exposition \"Red Desert\".","The place where activism becomes attitude",NULL,NULL
"Seconde nature","Charles Bové, Miguel Chevalier","a.p.r.è.s éditions","80 p.","2011-CB-SECONDENAT",NULL,"Français/Anglais","978-2-95288-975-9",NULL,"Livre avec DVD de 24 minutes.",NULL,NULL,NULL
"Seconde nature 2007",NULL,"Mairie de Trelazé, Trelazé (France)","64 p.","2007-CB-SECONDENAT",NULL,"Français","2-9502371-5-0",NULL,"Présence d'une interview réalisée par Henri-François Debailleux.
Dans le cadre de l’exposition Seconde Nature 2007, aux Anciennes écuries des ardoisières, Trélazé (France)",NULL,NULL,NULL
"Sur-natures 2007",NULL,"Lcl, Paris (France)","24 p.","2007-CB-SURNATURES",NULL,"Français",NULL,NULL,NULL,NULL,NULL,NULL
"Tempting ART","Maurizio Galante & Tal Lancman, Stefano Core, Anna Loporcaro","Mudam Luxembourg","60 p., 23 cartes postales avec les oeuvres des différents artistes.
","2016-CB-TEMPTINGART","-","anglais/italien/français","978-2-919923-59-5","19€","\"On ne joue pas avec la nourriture!\" - cette remontrance que l'on s'est entendu dire maintes fois durant notre enfance se retrouve ici balayée d'une chiquenaude. Car que se passe-t-il lorsqu'on décide de sortir de la cuisine les plats qu'on y a préparé pour les introduire dans le monde du design? Il se passe que la cuisine devient un terrain de jeu dédié à la célébration des \"foodies\".","edible gems",NULL,NULL
"The Metamorphoses of the Virtual","Christine Buci-Glucksmann, Celina Jeffrey, Ryan Jordan, Jonathan Kemp, Philippe Piguet, David Rosenberg, Kjetil Røed, Roberta Semeraro","Pia MYworLD/MYworLD Studios, Paris","112 pages","2013-CB-METAMORPHOSES","-","anglais","-","-","-","100 Years of Art and Freedom",NULL,NULL
"Turbulences","David Rosenberg, Pierre Sterckx, Jean-Pierre Luminet, ","Espace culturel Louis Vuitton","56 pages","2012-CB-TURBULENCES","-","français/anglais","-","-","Le catalogue a été publié à l'occasion de l'exposition \"Turbulences\" du 21/06 au 19/09/2012 à l'Espace culturel Louis Vuitton.","-",NULL,NULL
"Ultra-nature 2006",NULL,"Woodstreet Galleries, Pittsburg (USA)","24 p.","2006-CB-ULTRANAT",NULL,"Anglais",NULL,NULL,"Dans le cadre de l’exposition Ultra-Nature 2006, à la Woodstreet Galleries, Pittsburg (USA)",NULL,NULL,NULL
